{
  "1": {
    "ticks": 2355,
    "turns": 0.574951171875
  },
  "2": {
    "ticks": 2416,
    "turns": 0.58984375
  },
  "3": {
    "ticks": 3296,
    "turns": 0.8046875
  }
}