{
  "1": {
    "ticks": 1012,
    "turns": 0.2470703125
  },
  "2": {
    "ticks": 2508,
    "turns": 0.6123046875
  },
  "3": {
    "ticks": 1879,
    "turns": 0.458740234375
  }
}